Workbook

Sheet Eindijcers
C2: Student | D2: Student | E2: Student | F2: Student | G2: Student
B3: sprint0 | C3: ='Rubric conceptfase'!$G$9 -> 0 | D3: ='Rubric conceptfase'!$G$9 -> 0 | E3: ='Rubric conceptfase'!$G$9 -> 0 | F3: ='Rubric conceptfase'!$G$9 -> 0 | G3: ='Rubric conceptfase'!$G$9 -> 0
B4: sprint1 | C4: ='Rubric productiefase VR'!H9 -> 0 | D4: ='Rubric productiefase VR'!I9 -> 0 | E4: ='Rubric productiefase VR'!J9 -> 0 | F4: ='Rubric productiefase VR'!K9 -> 0 | G4: ='Rubric productiefase VR'!L9 -> 0
B5: sprint2 | C5: ='Rubric productiefase TurnBased'!H9 -> 0 | D5: ='Rubric productiefase TurnBased'!I9 -> 0 | E5: ='Rubric productiefase TurnBased'!J9 -> 0 | F5: ='Rubric productiefase TurnBased'!K9 -> 0 | G5: ='Rubric productiefase TurnBased'!L9 -> 0
B6: sprint3 | C6: ='Rubric productiefase Physics'!H9 -> 0 | D6: ='Rubric productiefase Physics'!I9 -> 0 | E6: ='Rubric productiefase Physics'!J9 -> 0 | F6: ='Rubric productiefase Physics'!K9 -> 0 | G6: ='Rubric productiefase Physics'!L9 -> 0
B7: Eindcijfer: | C7: =SUM(C3:C6)/4 -> 0 | D7: =SUM(D3:D6)/4 -> 0 | E7: =SUM(E3:E6)/4 -> 0 | F7: =SUM(F3:F6)/4 -> 0 | G7: =SUM(G3:G6)/4 -> 0

Sheet Rubric conceptfase
B2: Onderdeel | C2: (0) Ontbreekt | D2: (1) Incompleet | E2: (2) Voldoende | F2: (3) Goed | G2: Punten: | H2: Feedback: | J2: Cesuusr:
B3: 1 Verplichte onderdelen | C3: Ontbreekt | D3: Concept document mist één of meer verplichte onderdelen of zijn van onvoldoende kwaliteit (Titelblad, Inhoudsopgave, pagina nummers, bronvermelding) | E3: Concept document mist geen verplichte onderdelen en zijn van voldoende kwaliteit (Titelblad, Inhoudsopgave, pagina nummers, bronvermelding) | F3: Voldoende criteria + Elk onderdeel is zorgvuldig gemaakt en ziet er professioneel uit | J3: 0 = alles ontbreekt 1 = íets ontbreekt 1 = meer dan één onderdeel incompleet 2 = alles minimaal voldoende en maximaal 1 incompleet onderdeel 2 = alles voldoende 3 = op één voldoende na alles een goed 3 = alles een goed
B4: 2 Code of conduct | C4: Ontbreekt | D4: Code of conduct mist één of meer verplichte onderdelen of zijn van onvoldoende kwaliteit (Strike systeem, Scrum, Communicatie, Deadlines, Teamwork, Source control) | E4: Code of conduct mist geen verplichte onderdelen en zijn van voldoende kwaliteit (Strike systeem, Scrum, Communicatie, Deadlines, Teamwork, Source control) | F4: Voldoende criteria + Elk onderdeel is zorgvuldig gemaakt en ziet er professioneel uit
B5: 3 VR schieten/gooien concept | C5: Ontbreekt | D5: Concept mist één of meer verplichte onderdelen of zijn van onvoldoende kwaliteit (Concept uitleg, planning, bijrolverdeling, onderzoek) | E5: Concept mist geen verplichte onderdelen en zijn van voldoende kwaliteit (Concept uitleg, planning, bijrolverdeling, onderzoek) | F5: Voldoende criteria + Elk onderdeel is zorgvuldig gemaakt en ziet er professioneel uit + Het onderzoek is van gedegen kwaliteit en reikwijdte inclusief de bronvermelding volgens APA.
B6: 4 Turn based concept | C6: Ontbreekt | D6: Concept mist één of meer verplichte onderdelen of zijn van onvoldoende kwaliteit (Concept uitleg, planning, bijrolverdeling, onderzoek) | E6: Concept mist geen verplichte onderdelen en zijn van voldoende kwaliteit (Concept uitleg, planning, bijrolverdeling, onderzoek) | F6: Voldoende criteria + Elk onderdeel is zorgvuldig gemaakt en ziet er professioneel uit + Het onderzoek is van gedegen kwaliteit en reikwijdte inclusief de bronvermelding volgens APA.
B7: 5 Physics concept | C7: Ontbreekt | D7: Concept mist één of meer verplichte onderdelen of zijn van onvoldoende kwaliteit (Concept uitleg, planning, bijrolverdeling, onderzoek) | E7: Concept mist geen verplichte onderdelen en zijn van voldoende kwaliteit (Concept uitleg, planning, bijrolverdeling, onderzoek) | F7: Voldoende criteria + Elk onderdeel is zorgvuldig gemaakt en ziet er professioneel uit + Het onderzoek is van gedegen kwaliteit en reikwijdte inclusief de bronvermelding volgens APA.
B8: 6 Bijrollenverdeling | C8: Ontbreekt | D8: Iemand van het team heeft geen rol gekozen/toegedeeld gekregen. | E8: Iemand binnen het team heeft een bepaalde bijrol dubbel | F8: Iedereen binnen het team heeft geen enkele bijrol dubbel
F9: Eindbeoordeling: (zie cesuur > ) | G9: =SUM(G3:G8)/1.8 -> 0

Sheet Rubric productiefase VR
B2: Onderdeel | C2: (0) Ontbreekt | D2: (1) Incompleet | E2: (2) Voldoende | F2: (3) Goed | G2: Groep: | H2: Student | I2: Student | J2: Student | K2: Student | L2: Student | M2: Feedback: | O2: Cesuusr:
B3: 1 Bijrollen feedback (Individueel) | C3: Ontbreekt | D3: Student heeft één of meerdere bijrollen NIET voorzien van nuttige feedback, of de onderbouwing ontbreekt. De student heeft NIET geprobeerd te voorspellen welke feedback zijn rol krijgt van de rest van het team. | E3: Student heeft iedere rol voorzien van nuttige feedback waarbij de feedback goed onderbouwd is. De student heeft geprobeerd te voorspellen welke feedback zijn rol krijgt van de rest van het team. | F3: Voldoende criteria + Alle feedback is besproken binnen de groep en de student heeft zijn voorspelde feedback vergeleken met de feedback van de rest van het team. De uitkomsten zijn kort vermeld. | G3: nvt | H3: 0 | I3: 0 | J3: 0 | K3: 0 | L3: 0 | O3: 0 = alles ontbreekt 1 = íets ontbreekt 1 = meer dan één onderdeel incompleet 2 = alles minimaal voldoende en maximaal 1 incompleet onderdeel 2 = alles voldoende 3 = op één voldoende na alles een goed 3 = alles een goed
B4: 2 Developler Log (Individueel) | C4: Ontbreekt | D4: Eén of meerdere verplichte secties ontbreken (bijv. geen screenshots van daily standups, geen reflectie over persoonlijke bijdrage, geen actiepunten). Ingevulde secties zijn extreem summier (bijv. “Alles ging goed”) en bevatten géén concrete voorbeelden. | E4: Alle verplichte secties uit het sjabloon zijn ingevuld (daily standups, bereikt resultaat, uitdagingen, geleerde lessen, vragen, verbeterpunten, persoonlijk welzijn, actiepunten). Inhoud is duidelijk maar algemene reflecties missen diepgang (bijv. concrete voorbeelden van oplossingen). | F4: Alle secties zijn volledig en goed onderbouwd ingevuld. Reflecties tonen diepgaand inzicht: de student beschrijft oplossingen en evalueert de eigen bijdrage kritisch. Actiepunten zijn SMART geformuleerd en er is een duidelijk verband met volgende sprint. | G4: nvt | H4: 0 | I4: 0 | J4: 0 | K4: 0 | L4: 0
B5: 3 Retrospective (Gezamenlijk) | C5: Ontbreekt | D5: Er is NIET gezamenlijk gekeken naar alle positieve en negatieve bijdrages van de afgelopen sprint of er is GEEN duidelijk plan opgesteld voor de volgende sprint De Code of conduct is NIET aangepast terwijl de reflectie dat wel suggereert. Tijdens sprint 2 en 3 wordt er NIET gekeken of er gebruik is gemaakt van de vorige retrospective. | E5: Er is gezamenlijk gekeken naar alle positieve en negatieve bijdrages van de afgelopen sprint en er is een duidelijk plan opgesteld voor de volgende sprint. De Code of conduct is indien nodig aangepast Tijdens sprint 2 en 3 wordt er gekeken of er gebruik is gemaakt van de vorige retrospective. | F5: Voldoende criteria + Elk onderdeel is zorgvuldig en professioneel gemaakt Het plan voor de volgende sprint kan duidelijk gecontroleerd worden | G5: 0 | H5: =G5 -> 0 | I5: =H5 -> 0 | J5: =I5 -> 0 | K5: =J5 -> 0 | L5: =K5 -> 0
B6: 4 Oplevering | C6: Ontbreekt | D6: Niet alle onderdelen zijn opgeleverd. | E6: Alle onderdelen zijn opgeleverd, maar de naamgeving en/of mappenstructuur is niet helder. | F6: Alle onderdelen zijn zorgvuldig en helder opgeleverd, de mappenstructuur is logisch en naamgeveing is goed. | G6: 0 | H6: =G6 -> 0 | I6: =H6 -> 0 | J6: =I6 -> 0 | K6: =J6 -> 0 | L6: =K6 -> 0
B7: 5 Proof of concept | C7: Ontbreekt | D7: Er is geen presentatie voorbereid of de Proof of concept is niet testbaar. | E7: Er is een verzorgde presentatie voorbereid en de Proof of concept valt goed te testen. | F7: Voldoende criteria + De presentatie is zorgvuldig en professioneel gemaakt en gepresenteert. | G7: 0 | H7: =G7 -> 0 | I7: =H7 -> 0 | J7: =I7 -> 0 | K7: =J7 -> 0 | L7: =K7 -> 0
B8: 6 Beoordeling | C8: Ontbreekt | D8: De beoordeling is niet compleet ingevuld. | E8: De beoordeling is ingevuld, maar niet voorzien van feedback of constructieve feedback. | F8: De beoordeling is ingevuld en voorzien van constructieve feedback. | G8: 0 | H8: =G8 -> 0 | I8: =H8 -> 0 | J8: =I8 -> 0 | K8: =J8 -> 0 | L8: =K8 -> 0
F9: Eindbeoordeling: (zie cesuur > ) | G9: nvt | H9: =SUM(H3,H4,$G$5,$G$6,$G$7)/1.5 -> 0 | I9: =SUM(I3,I4,$G$5,$G$6,$G$7)/1.5 -> 0 | J9: =SUM(J3,J4,$G$5,$G$6,$G$7)/1.5 -> 0 | K9: =SUM(K3,K4,$G$5,$G$6,$G$7)/1.5 -> 0 | L9: =SUM(L3,L4,$G$5,$G$6,$G$7)/1.5 -> 0

Sheet Rubric productiefase TurnBased
B2: Onderdeel | C2: (0) Ontbreekt | D2: (1) Incompleet | E2: (2) Voldoende | F2: (3) Goed | G2: Groep: | H2: Student | I2: Student | J2: Student | K2: Student | L2: Student | M2: Feedback: | O2: Cesuusr:
B3: 1 Bijrollen feedback (Individueel) | C3: Ontbreekt | D3: Student heeft één of meerdere bijrollen NIET voorzien van nuttige feedback, of de onderbouwing ontbreekt. De student heeft NIET geprobeerd te voorspellen welke feedback zijn rol krijgt van de rest van het team. | E3: Student heeft iedere rol voorzien van nuttige feedback waarbij de feedback goed onderbouwd is. De student heeft geprobeerd te voorspellen welke feedback zijn rol krijgt van de rest van het team. | F3: Voldoende criteria + Alle feedback is besproken binnen de groep en de student heeft zijn voorspelde feedback vergeleken met de feedback van de rest van het team. De uitkomsten zijn kort vermeld. | G3: nvt | H3: 0 | I3: 0 | J3: 0 | K3: 0 | L3: 0 | O3: 0 = alles ontbreekt 1 = íets ontbreekt 1 = meer dan één onderdeel incompleet 2 = alles minimaal voldoende en maximaal 1 incompleet onderdeel 2 = alles voldoende 3 = op één voldoende na alles een goed 3 = alles een goed
B4: 2 Developler Log (Individueel) | C4: Ontbreekt | D4: Eén of meerdere verplichte secties ontbreken (bijv. geen screenshots van daily standups, geen reflectie over persoonlijke bijdrage, geen actiepunten). Ingevulde secties zijn extreem summier (bijv. “Alles ging goed”) en bevatten géén concrete voorbeelden. | E4: Alle verplichte secties uit het sjabloon zijn ingevuld (daily standups, bereikt resultaat, uitdagingen, geleerde lessen, vragen, verbeterpunten, persoonlijk welzijn, actiepunten). Inhoud is duidelijk maar algemene reflecties missen diepgang (bijv. concrete voorbeelden van oplossingen). | F4: Alle secties zijn volledig en goed onderbouwd ingevuld. Reflecties tonen diepgaand inzicht: de student beschrijft oplossingen en evalueert de eigen bijdrage kritisch. Actiepunten zijn SMART geformuleerd en er is een duidelijk verband met volgende sprint. | G4: nvt | H4: 0 | I4: 0 | J4: 0 | K4: 0 | L4: 0
B5: 3 Retrospective (Gezamenlijk) | C5: Ontbreekt | D5: Er is NIET gezamenlijk gekeken naar alle positieve en negatieve bijdrages van de afgelopen sprint of er is GEEN duidelijk plan opgesteld voor de volgende sprint De Code of conduct is NIET aangepast terwijl de reflectie dat wel suggereert. Tijdens sprint 2 en 3 wordt er NIET gekeken of er gebruik is gemaakt van de vorige retrospective. | E5: Er is gezamenlijk gekeken naar alle positieve en negatieve bijdrages van de afgelopen sprint en er is een duidelijk plan opgesteld voor de volgende sprint. De Code of conduct is indien nodig aangepast Tijdens sprint 2 en 3 wordt er gekeken of er gebruik is gemaakt van de vorige retrospective. | F5: Voldoende criteria + Elk onderdeel is zorgvuldig en professioneel gemaakt Het plan voor de volgende sprint kan duidelijk gecontroleerd worden | G5: 0 | H5: =G5 -> 0 | I5: =H5 -> 0 | J5: =I5 -> 0 | K5: =J5 -> 0 | L5: =K5 -> 0
B6: 4 Oplevering | C6: Ontbreekt | D6: Niet alle onderdelen zijn opgeleverd. | E6: Alle onderdelen zijn opgeleverd, maar de naamgeving en/of mappenstructuur is niet helder. | F6: Alle onderdelen zijn zorgvuldig en helder opgeleverd, de mappenstructuur is logisch en naamgeveing is goed. | G6: 0 | H6: =G6 -> 0 | I6: =H6 -> 0 | J6: =I6 -> 0 | K6: =J6 -> 0 | L6: =K6 -> 0
B7: 5 Proof of concept | C7: Ontbreekt | D7: Er is geen presentatie voorbereid of de Proof of concept is niet testbaar. | E7: Er is een verzorgde presentatie voorbereid en de Proof of concept valt goed te testen. | F7: Voldoende criteria + De presentatie is zorgvuldig en professioneel gemaakt en gepresenteert. | G7: 0 | H7: =G7 -> 0 | I7: =H7 -> 0 | J7: =I7 -> 0 | K7: =J7 -> 0 | L7: =K7 -> 0
B8: 6 Beoordeling | C8: Ontbreekt | D8: De beoordeling is niet compleet ingevuld. | E8: De beoordeling is ingevuld, maar niet voorzien van feedback of constructieve feedback. | F8: De beoordeling is ingevuld en voorzien van constructieve feedback. | G8: 0 | H8: =G8 -> 0 | I8: =H8 -> 0 | J8: =I8 -> 0 | K8: =J8 -> 0 | L8: =K8 -> 0
F9: Eindbeoordeling: (zie cesuur > ) | G9: nvt | H9: =SUM(H3,H4,$G$5,$G$6,$G$7)/1.5+(G8/6) -> 0 | I9: =SUM(I3,I4,$G$5,$G$6,$G$7)/1.5+(H8/6) -> 0 | J9: =SUM(J3,J4,$G$5,$G$6,$G$7)/1.5+(I8/6) -> 0 | K9: =SUM(K3,K4,$G$5,$G$6,$G$7)/1.5+(J8/6) -> 0 | L9: =SUM(L3,L4,$G$5,$G$6,$G$7)/1.5+(K8/6) -> 0

Sheet Rubric productiefase Physics
B2: Onderdeel | C2: (0) Ontbreekt | D2: (1) Incompleet | E2: (2) Voldoende | F2: (3) Goed | G2: Groep: | H2: Student | I2: Student | J2: Student | K2: Student | L2: Student | M2: Feedback: | O2: Cesuusr:
B3: 1 Bijrollen feedback (Individueel) | C3: Ontbreekt | D3: Student heeft één of meerdere bijrollen NIET voorzien van nuttige feedback, of de onderbouwing ontbreekt. De student heeft NIET geprobeerd te voorspellen welke feedback zijn rol krijgt van de rest van het team. | E3: Student heeft iedere rol voorzien van nuttige feedback waarbij de feedback goed onderbouwd is. De student heeft geprobeerd te voorspellen welke feedback zijn rol krijgt van de rest van het team. | F3: Voldoende criteria + Alle feedback is besproken binnen de groep en de student heeft zijn voorspelde feedback vergeleken met de feedback van de rest van het team. De uitkomsten zijn kort vermeld. | G3: nvt | H3: 0 | I3: 0 | J3: 0 | K3: 0 | L3: 0 | O3: 0 = alles ontbreekt 1 = íets ontbreekt 1 = meer dan één onderdeel incompleet 2 = alles minimaal voldoende en maximaal 1 incompleet onderdeel 2 = alles voldoende 3 = op één voldoende na alles een goed 3 = alles een goed
B4: 2 Developler Log (Individueel) | C4: Ontbreekt | D4: Eén of meerdere verplichte secties ontbreken (bijv. geen screenshots van daily standups, geen reflectie over persoonlijke bijdrage, geen actiepunten). Ingevulde secties zijn extreem summier (bijv. “Alles ging goed”) en bevatten géén concrete voorbeelden. | E4: Alle verplichte secties uit het sjabloon zijn ingevuld (daily standups, bereikt resultaat, uitdagingen, geleerde lessen, vragen, verbeterpunten, persoonlijk welzijn, actiepunten). Inhoud is duidelijk maar algemene reflecties missen diepgang (bijv. concrete voorbeelden van oplossingen). | F4: Alle secties zijn volledig en goed onderbouwd ingevuld. Reflecties tonen diepgaand inzicht: de student beschrijft oplossingen en evalueert de eigen bijdrage kritisch. Actiepunten zijn SMART geformuleerd en er is een duidelijk verband met volgende sprint. | G4: nvt | H4: 0 | I4: 0 | J4: 0 | K4: 0 | L4: 0
B5: 3 Retrospective (Gezamenlijk) | C5: Ontbreekt | D5: Er is NIET gezamenlijk gekeken naar alle positieve en negatieve bijdrages van de afgelopen sprint of er is GEEN duidelijk plan opgesteld voor de volgende sprint De Code of conduct is NIET aangepast terwijl de reflectie dat wel suggereert. Tijdens sprint 2 en 3 wordt er NIET gekeken of er gebruik is gemaakt van de vorige retrospective. | E5: Er is gezamenlijk gekeken naar alle positieve en negatieve bijdrages van de afgelopen sprint en er is een duidelijk plan opgesteld voor de volgende sprint. De Code of conduct is indien nodig aangepast Tijdens sprint 2 en 3 wordt er gekeken of er gebruik is gemaakt van de vorige retrospective. | F5: Voldoende criteria + Elk onderdeel is zorgvuldig en professioneel gemaakt Het plan voor de volgende sprint kan duidelijk gecontroleerd worden | G5: 0 | H5: =G5 -> 0 | I5: =H5 -> 0 | J5: =I5 -> 0 | K5: =J5 -> 0 | L5: =K5 -> 0
B6: 4 Oplevering | C6: Ontbreekt | D6: Niet alle onderdelen zijn opgeleverd. | E6: Alle onderdelen zijn opgeleverd, maar de naamgeving en/of mappenstructuur is niet helder. | F6: Alle onderdelen zijn zorgvuldig en helder opgeleverd, de mappenstructuur is logisch en naamgeveing is goed. | G6: 0 | H6: =G6 -> 0 | I6: =H6 -> 0 | J6: =I6 -> 0 | K6: =J6 -> 0 | L6: =K6 -> 0
B7: 5 Proof of concept | C7: Ontbreekt | D7: Er is geen presentatie voorbereid of de Proof of concept is niet testbaar. | E7: Er is een verzorgde presentatie voorbereid en de Proof of concept valt goed te testen. | F7: Voldoende criteria + De presentatie is zorgvuldig en professioneel gemaakt en gepresenteert. | G7: 0 | H7: =G7 -> 0 | I7: =H7 -> 0 | J7: =I7 -> 0 | K7: =J7 -> 0 | L7: =K7 -> 0
B8: 6 Beoordeling | C8: Ontbreekt | D8: De beoordeling is niet compleet ingevuld. | E8: De beoordeling is ingevuld, maar niet voorzien van feedback of constructieve feedback. | F8: De beoordeling is ingevuld en voorzien van constructieve feedback. | G8: 0 | H8: =G8 -> 0 | I8: =H8 -> 0 | J8: =I8 -> 0 | K8: =J8 -> 0 | L8: =K8 -> 0
F9: Eindbeoordeling: (zie cesuur > ) | G9: nvt | H9: =SUM(H3,H4,$G$5,$G$6,$G$7)/1.5+(G8/6) -> 0 | I9: =SUM(I3,I4,$G$5,$G$6,$G$7)/1.5+(H8/6) -> 0 | J9: =SUM(J3,J4,$G$5,$G$6,$G$7)/1.5+(I8/6) -> 0 | K9: =SUM(K3,K4,$G$5,$G$6,$G$7)/1.5+(J8/6) -> 0 | L9: =SUM(L3,L4,$G$5,$G$6,$G$7)/1.5+(K8/6) -> 0
